content,style
1de56be823525c41_stylized_40863.jpg,50e3b2246d9267f4.jpg
1de56be823525c41_stylized_17277.jpg,547e8609ddf00be1.jpg
c371618adcd0f381_stylized_40863.jpg,3f2458b22ba2a191.jpg
c371618adcd0f381_stylized_31227.jpg,66acd41071485001.jpg
d8320ec92bca6032_stylized_7227.jpg,f3d0ca00ce41e33c.jpg
d8320ec92bca6032_stylized_98980.jpg,7f3fcb73bb47d1a0.jpg
ab9014f6bc4e65f1_stylized_26726.jpg,397db23c996feb26.jpg
ab9014f6bc4e65f1_stylized_7227.jpg,af1c377ec308407c.jpg
content0.jpg,style0.jpg
content1.jpg,style1.jpg
